id,isPaid,createdAt,updatedAt,buyOrder,userId,coursesIds
c3c38c36-c9b2-419b-8ee7-0e6aa755b3f3,f,2024-08-08 01:31:07.133+00,2024-08-08 01:31:07.133+00,f8a11c506bc07a5941e8bca3f4,1df46571-5bbd-4341-bcd2-f20938bf7b0d,"{be766134-111b-4a83-afdd-d6c54596d486,caa12af6-8d12-42e6-985d-82190eb650ec,3857b311-0df8-462f-a042-6a560f3528eb}"
63b9765d-5665-4e0b-b7cc-c052de08d1f0,f,2024-08-08 01:31:22.047+00,2024-08-08 01:31:22.047+00,5b9cdbd1ba88f421e9d1e108c8,535c6f95-87c3-4981-afaa-7b64957b7f46,"{be766134-111b-4a83-afdd-d6c54596d486,880369a6-6b14-4a6b-b3cb-4aaabc33369a,f5fb2002-9ed8-4520-99ef-46df7e453375}"
346b5c2b-f549-43c5-ba89-c95598cb99b4,f,2024-08-08 01:31:32.578+00,2024-08-08 01:31:32.578+00,f4c032f1e83318cd7292411755,1df46571-5bbd-4341-bcd2-f20938bf7b0d,"{be766134-111b-4a83-afdd-d6c54596d486,caa12af6-8d12-42e6-985d-82190eb650ec}"
d64dc304-c882-4a0b-88ff-172975da3d45,f,2024-08-08 01:31:40.452+00,2024-08-08 01:31:40.452+00,1ccd6121a9aac14f668c62b645,b3b1cc00-f493-44c4-bb6a-975c5c2d3a04,{}
ca7f078c-322e-42c8-b97a-92320a4c3e2b,f,2024-08-08 01:33:21.534+00,2024-08-08 01:33:21.534+00,258e60be672036327154027453,b3b1cc00-f493-44c4-bb6a-975c5c2d3a04,"{be766134-111b-4a83-afdd-d6c54596d486,caa12af6-8d12-42e6-985d-82190eb650ec,3857b311-0df8-462f-a042-6a560f3528eb}"
18da8b29-ecfc-4644-82a3-f778a07fec98,t,2024-08-08 01:35:23.637+00,2024-08-08 01:35:51.287+00,90dad219f190c65227104ef0ae,1df46571-5bbd-4341-bcd2-f20938bf7b0d,{d7bbc939-aa73-4767-8941-1e76151b3451}
cbed1b29-1c14-49e2-b4f6-938644281834,t,2024-08-08 01:37:27.761+00,2024-08-08 01:39:13.064+00,6389d1bcf5490968b83352fcec,61a4310f-f57a-4b4b-95e4-552366566a60,"{57e069f8-7059-4d2f-83d6-3f16f7aa0938,caa12af6-8d12-42e6-985d-82190eb650ec,3857b311-0df8-462f-a042-6a560f3528eb}"
cc5f1ef0-169d-436c-884b-fdc931cdb193,t,2024-08-08 01:38:49.534+00,2024-08-08 01:39:24.923+00,22ebaac322850eb7ee421defc8,afbfbe30-7979-41a7-8c22-0e5771d83673,"{be766134-111b-4a83-afdd-d6c54596d486,880369a6-6b14-4a6b-b3cb-4aaabc33369a,3857b311-0df8-462f-a042-6a560f3528eb}"
c1d4d229-b9af-44d9-87c9-40cda4f57cb1,t,2024-08-08 01:38:15.516+00,2024-08-08 01:39:35.33+00,cce0d1279f1a5dd5bdcc9f7580,fe7acff1-e9e6-40e6-84c6-de538e36ab5d,"{57e069f8-7059-4d2f-83d6-3f16f7aa0938,880369a6-6b14-4a6b-b3cb-4aaabc33369a}"
64c2ea14-c22f-474e-8548-0ad8b05d9c6b,t,2024-08-08 01:38:17.765+00,2024-08-08 01:39:35.389+00,c95cc30a8ea747989ca6200164,cd1d2b49-ce2f-4c3f-a90a-5e03975c7fa8,"{be766134-111b-4a83-afdd-d6c54596d486,880369a6-6b14-4a6b-b3cb-4aaabc33369a,3857b311-0df8-462f-a042-6a560f3528eb}"
021cbf06-2b1e-4330-a613-668df64205d0,f,2024-08-08 01:39:44.823+00,2024-08-08 01:39:44.823+00,3c1c91ecf0bdf1edae6d063194,db3b399c-ed14-46fe-aa04-783a344d3ba2,"{57e069f8-7059-4d2f-83d6-3f16f7aa0938,880369a6-6b14-4a6b-b3cb-4aaabc33369a}"
005daca5-744f-4070-a765-3cd424a7a8c7,t,2024-08-08 01:38:14.821+00,2024-08-08 01:39:48.271+00,02dee2e260b0c53a59f0d46c24,7bb4b950-9ffd-408a-8d9a-4688db975605,"{be766134-111b-4a83-afdd-d6c54596d486,880369a6-6b14-4a6b-b3cb-4aaabc33369a,f5fb2002-9ed8-4520-99ef-46df7e453375}"
9cb7866c-a46f-43eb-8204-3f825aef4df5,t,2024-08-08 01:38:38.418+00,2024-08-08 01:40:02.851+00,1a70ae18d122f877cc17079b92,04581eab-af6f-4cf9-aca4-da563b103e31,"{57e069f8-7059-4d2f-83d6-3f16f7aa0938,880369a6-6b14-4a6b-b3cb-4aaabc33369a,f5fb2002-9ed8-4520-99ef-46df7e453375}"
5533e39f-d38b-4448-bf86-17203fda8432,t,2024-08-08 01:39:21.903+00,2024-08-08 01:40:13.781+00,13abccffb8d779d0f097a854cf,e1663103-8278-4b7c-a019-94a5ebfa4541,"{be766134-111b-4a83-afdd-d6c54596d486,880369a6-6b14-4a6b-b3cb-4aaabc33369a,3857b311-0df8-462f-a042-6a560f3528eb}"
85df04ca-3f48-4143-b9dd-862d4a5e5fb3,t,2024-08-08 01:39:09.584+00,2024-08-08 01:40:15.64+00,d7771c0be6150d058f402a3e08,d363475c-c033-48b3-85ec-a0c674030979,"{be766134-111b-4a83-afdd-d6c54596d486,880369a6-6b14-4a6b-b3cb-4aaabc33369a}"
652a4765-e452-43d9-af30-1a7251f1ac39,t,2024-08-08 01:39:15.156+00,2024-08-08 01:40:18.066+00,65674d971acc2be380e9cab635,4b08c92f-a9e0-4d0d-a9bf-d1b7906305f8,"{57e069f8-7059-4d2f-83d6-3f16f7aa0938,880369a6-6b14-4a6b-b3cb-4aaabc33369a,3857b311-0df8-462f-a042-6a560f3528eb}"
c5bab90f-e6da-4581-b923-da4ed19cf310,t,2024-08-08 01:38:35.575+00,2024-08-08 01:40:19.326+00,eb6592956e64a3b66e6bb465c9,24267de3-0057-4ee8-a9d4-979ef85ffe1f,"{57e069f8-7059-4d2f-83d6-3f16f7aa0938,caa12af6-8d12-42e6-985d-82190eb650ec,3857b311-0df8-462f-a042-6a560f3528eb}"
471de07c-db4c-45a7-8b83-bc9df85a183f,t,2024-08-08 01:38:59.636+00,2024-08-08 01:40:46.677+00,80e690a7f917b5b2fb5afd3941,5919c779-db29-47ca-b68f-72caf6ea1f65,"{be766134-111b-4a83-afdd-d6c54596d486,caa12af6-8d12-42e6-985d-82190eb650ec,3857b311-0df8-462f-a042-6a560f3528eb}"
7f033b0d-1a0a-4d6b-93fa-e50689cdb64b,t,2024-08-08 01:37:38.356+00,2024-08-08 01:40:58.054+00,bde3cd1fc32301f00092b5bd85,eb00f415-9629-436a-9c5d-2e55e7f7eb7b,"{57e069f8-7059-4d2f-83d6-3f16f7aa0938,880369a6-6b14-4a6b-b3cb-4aaabc33369a,f5fb2002-9ed8-4520-99ef-46df7e453375}"
c620bf7d-2d68-4207-8219-924fb553f31c,t,2024-08-08 01:39:25.824+00,2024-08-08 01:41:09.759+00,e621046354b8f52c538e13c2fb,39f1af96-755e-4909-8e1a-f5f413a8a89b,"{57e069f8-7059-4d2f-83d6-3f16f7aa0938,880369a6-6b14-4a6b-b3cb-4aaabc33369a,3857b311-0df8-462f-a042-6a560f3528eb}"
f08326cf-dc53-47b1-9c2b-87cd2f3a08da,t,2024-08-08 01:39:41.44+00,2024-08-08 01:41:21.814+00,d7247d891d4b5e812d98551957,c71e850c-b566-4424-9296-cd1fe2aa3228,"{be766134-111b-4a83-afdd-d6c54596d486,880369a6-6b14-4a6b-b3cb-4aaabc33369a,3857b311-0df8-462f-a042-6a560f3528eb}"
e109c88d-2f5e-42af-9d2b-eca986d74006,t,2024-08-08 01:37:53.177+00,2024-08-08 01:41:34.888+00,0a0b02392a9d3e18dac5437cef,bacb136b-0756-4137-b0f4-db7cc2d508f3,"{57e069f8-7059-4d2f-83d6-3f16f7aa0938,880369a6-6b14-4a6b-b3cb-4aaabc33369a,3857b311-0df8-462f-a042-6a560f3528eb}"
14a15b04-5712-484e-be96-dd9a26a8ac70,t,2024-08-08 01:40:09.31+00,2024-08-08 01:41:40.921+00,c706beee4d0afc52d8d9ca9628,127c8efd-ac18-438a-9343-258a9303244a,"{be766134-111b-4a83-afdd-d6c54596d486,880369a6-6b14-4a6b-b3cb-4aaabc33369a,3857b311-0df8-462f-a042-6a560f3528eb}"
bac425da-3de4-4e5d-87a4-59c141969c8d,t,2024-08-08 01:40:01.218+00,2024-08-08 01:41:56.101+00,894bd1c122c0e47b703f172a94,dd008484-e542-4407-beb7-5ed67d8d3709,"{57e069f8-7059-4d2f-83d6-3f16f7aa0938,caa12af6-8d12-42e6-985d-82190eb650ec,f5fb2002-9ed8-4520-99ef-46df7e453375}"
4fc8816f-4696-40ef-ba97-c9b0b277d4ed,t,2024-08-08 01:39:27.205+00,2024-08-08 01:42:09.568+00,edeea9c783ef169d3ff1d33fb6,d0994fb0-2cba-40c8-aef7-2abe81f56083,"{be766134-111b-4a83-afdd-d6c54596d486,880369a6-6b14-4a6b-b3cb-4aaabc33369a,3857b311-0df8-462f-a042-6a560f3528eb}"
9983f4d0-f444-49eb-8ac5-90d3d7e4f1bc,t,2024-08-08 01:38:20.768+00,2024-08-08 01:42:17.231+00,a463c7d6a82fd5e3cefb426001,2d752017-05b2-4ff8-a308-576b3e25e592,"{be766134-111b-4a83-afdd-d6c54596d486,880369a6-6b14-4a6b-b3cb-4aaabc33369a,3857b311-0df8-462f-a042-6a560f3528eb}"
e2c2f6ac-333a-4ea2-b12c-962ada82f0f1,t,2024-08-08 01:40:57.688+00,2024-08-08 01:42:18.607+00,dcb2b5532ef6b0012330a19d81,3eabb632-8398-43e2-b043-124d9dbfc1e9,"{57e069f8-7059-4d2f-83d6-3f16f7aa0938,caa12af6-8d12-42e6-985d-82190eb650ec,3857b311-0df8-462f-a042-6a560f3528eb}"
fc9ba201-fd64-4300-8667-3ee3c4470b21,t,2024-08-08 01:41:07.059+00,2024-08-08 01:42:41.146+00,0bc6d2f4570f652dd20e359cd7,29d77568-5fb1-414f-a749-54bef7c37f8a,"{be766134-111b-4a83-afdd-d6c54596d486,880369a6-6b14-4a6b-b3cb-4aaabc33369a,3857b311-0df8-462f-a042-6a560f3528eb}"
88b2c7c5-16d6-4848-8025-b246f50a972d,t,2024-08-08 01:41:27.999+00,2024-08-08 01:43:23.955+00,4e1f1278ac87fcb07df4443319,9daa3fe3-5c68-4234-b559-521e8e8b858b,"{be766134-111b-4a83-afdd-d6c54596d486,caa12af6-8d12-42e6-985d-82190eb650ec}"
2745d994-d1c4-4600-8234-0a52f6b73be9,t,2024-08-08 01:42:26.231+00,2024-08-08 01:44:03.982+00,07f2a13e3a6c1faf1b1c753494,cfd80c72-16a9-4d6f-a923-8754179f0172,"{be766134-111b-4a83-afdd-d6c54596d486,880369a6-6b14-4a6b-b3cb-4aaabc33369a,3857b311-0df8-462f-a042-6a560f3528eb}"
8a8d8c20-d735-43b9-bf68-e0fb0c8c7b4a,t,2024-08-08 01:41:46.673+00,2024-08-08 01:44:08.599+00,adaa61f26bf9de86ff45aa9b66,b361ed09-c89f-4ea6-9343-61829bc952a3,"{be766134-111b-4a83-afdd-d6c54596d486,caa12af6-8d12-42e6-985d-82190eb650ec,3857b311-0df8-462f-a042-6a560f3528eb}"
e886dbcd-718d-4949-94cf-a21a1be6fa08,t,2024-08-08 01:43:02.441+00,2024-08-08 01:44:54.805+00,9e2c100adb81269cc330bfd4d8,82094f8e-2ed5-48ec-b5c8-f7f1f3db5344,"{57e069f8-7059-4d2f-83d6-3f16f7aa0938,caa12af6-8d12-42e6-985d-82190eb650ec,3857b311-0df8-462f-a042-6a560f3528eb}"
eea50c58-97d8-4d1e-84e4-0b0ada6cf04f,t,2024-08-08 01:41:51.545+00,2024-08-08 01:45:03.654+00,fd8b5e617f626f72931b2b230c,189f6707-cf26-4d16-9ef1-8a03b6067280,"{be766134-111b-4a83-afdd-d6c54596d486,caa12af6-8d12-42e6-985d-82190eb650ec}"
f726e018-74b8-4d4f-b0ee-fadca7907b1f,t,2024-08-08 01:40:42.357+00,2024-08-08 01:45:11.051+00,b5e7c363acf56035bfa01996ce,3b6e0c74-360d-4170-9f9a-0c1b182ca554,"{57e069f8-7059-4d2f-83d6-3f16f7aa0938,caa12af6-8d12-42e6-985d-82190eb650ec,3857b311-0df8-462f-a042-6a560f3528eb}"
f85553bf-5211-4be1-a99e-9129c1fbf798,t,2024-08-08 01:39:56.411+00,2024-08-08 01:45:42.778+00,c57391b542d2f7174c238c8be0,e8d98bf2-8fad-4808-a0a9-5d9052e044c1,"{be766134-111b-4a83-afdd-d6c54596d486,880369a6-6b14-4a6b-b3cb-4aaabc33369a,f5fb2002-9ed8-4520-99ef-46df7e453375}"
dbd64b69-32fb-4b23-8e33-a6a49bc43c38,t,2024-08-08 01:43:38.412+00,2024-08-08 01:45:49.238+00,84eee12c2962502c3724132ed1,c2920335-4fee-4415-88f3-d9fd47613c3c,"{57e069f8-7059-4d2f-83d6-3f16f7aa0938,caa12af6-8d12-42e6-985d-82190eb650ec,f5fb2002-9ed8-4520-99ef-46df7e453375}"
6f56f0ec-ec30-49b7-8776-33c70cc463d5,t,2024-08-08 01:42:45.283+00,2024-08-08 01:46:45.422+00,aa5f48038088ff9267fcb1cff5,8678c97a-8fa1-48e8-8cac-98dfd096d8d6,"{be766134-111b-4a83-afdd-d6c54596d486,880369a6-6b14-4a6b-b3cb-4aaabc33369a,3857b311-0df8-462f-a042-6a560f3528eb}"
6afe370f-00a6-4ace-b34d-037a3b2c9786,t,2024-08-08 01:40:33.227+00,2024-08-08 01:47:08.582+00,b357853a64c3bbc6ff59f27d93,9bb2e6c1-735d-4d22-b8f2-b06944f18c3f,"{be766134-111b-4a83-afdd-d6c54596d486,880369a6-6b14-4a6b-b3cb-4aaabc33369a,3857b311-0df8-462f-a042-6a560f3528eb}"
5ff9616b-d38b-4f76-84d4-7ffed2c41ec3,t,2024-08-08 01:39:49.87+00,2024-08-08 01:49:39.902+00,e99e57da9008e1a4952013fbbe,2550543f-109d-4231-b09b-e6e2a040fb85,"{be766134-111b-4a83-afdd-d6c54596d486,880369a6-6b14-4a6b-b3cb-4aaabc33369a}"
ca6d2af1-a604-439e-be03-5ede19b2d54a,t,2024-08-08 01:40:35.582+00,2024-08-08 01:50:31.491+00,f0e5ee83882bfdc92d8c561af0,422ce7e8-683f-477e-9144-2be9b2f7fba4,"{be766134-111b-4a83-afdd-d6c54596d486,880369a6-6b14-4a6b-b3cb-4aaabc33369a,f5fb2002-9ed8-4520-99ef-46df7e453375}"
9f82cbf8-2d10-4dee-aba1-b8da4ce7fa9f,t,2024-08-08 01:42:45.424+00,2024-08-08 01:52:14.188+00,cf1be0c7ab84c0c98ff9ded227,9f5fd77c-1dfe-4118-a3fd-3f39d1675ee6,"{be766134-111b-4a83-afdd-d6c54596d486,880369a6-6b14-4a6b-b3cb-4aaabc33369a,3857b311-0df8-462f-a042-6a560f3528eb}"
7629d2d3-2389-4918-a160-87cd986b8882,t,2024-08-08 01:42:23.102+00,2024-08-08 06:19:52.552+00,0bd7aaede540dfb92dd26565ea,903cacdd-50e7-4277-be07-139c5549cdac,"{be766134-111b-4a83-afdd-d6c54596d486,880369a6-6b14-4a6b-b3cb-4aaabc33369a,f5fb2002-9ed8-4520-99ef-46df7e453375}"
b0cfec41-8a8b-43c3-b7bb-87479ab10761,t,2024-08-08 01:41:48.166+00,2024-08-08 01:44:33.485+00,443093e099bc9eef15bfe8263a,5654124b-f9c1-413f-9241-024cabebe56c,"{be766134-111b-4a83-afdd-d6c54596d486,caa12af6-8d12-42e6-985d-82190eb650ec,f5fb2002-9ed8-4520-99ef-46df7e453375}"
cd1e9f4d-cd4d-421c-b7e3-1e55306829df,f,2024-08-08 01:47:07.662+00,2024-08-08 01:47:07.662+00,0fb54f19ea1277e8854b2a2c1d,7b751ae0-2cae-468e-b602-704a40991a84,"{be766134-111b-4a83-afdd-d6c54596d486,caa12af6-8d12-42e6-985d-82190eb650ec,3857b311-0df8-462f-a042-6a560f3528eb}"
d29ecefb-faec-4b58-b922-37c6155d62a5,t,2024-08-08 01:45:19.619+00,2024-08-08 01:48:50.633+00,977ce44873d7522a38f7564f23,db3b399c-ed14-46fe-aa04-783a344d3ba2,"{be766134-111b-4a83-afdd-d6c54596d486,880369a6-6b14-4a6b-b3cb-4aaabc33369a}"
a6ae6118-bfba-471a-a095-df98b180a7b9,t,2024-08-08 01:48:07.161+00,2024-08-08 01:50:15.05+00,d68549c66c40543a58a5510093,e99acf58-db8f-4a90-8cc1-ed495f2e098c,"{57e069f8-7059-4d2f-83d6-3f16f7aa0938,880369a6-6b14-4a6b-b3cb-4aaabc33369a,f5fb2002-9ed8-4520-99ef-46df7e453375}"
0694e3c0-b375-40c2-9770-216aed0acab8,t,2024-08-08 01:45:26.999+00,2024-08-08 01:50:19.98+00,475ddb4afae22e62d73d6bbcd0,e646fbf2-4de5-4d9b-9ee2-6687b8ec3664,"{57e069f8-7059-4d2f-83d6-3f16f7aa0938,880369a6-6b14-4a6b-b3cb-4aaabc33369a,3857b311-0df8-462f-a042-6a560f3528eb}"
5c781649-5084-4505-ab03-54e432398b89,t,2024-08-08 01:48:04.227+00,2024-08-08 01:51:28.769+00,0048a5c3d8c31e9a8c82eac572,f81b61ea-2abc-4aed-a629-a15c494a17d1,"{be766134-111b-4a83-afdd-d6c54596d486,caa12af6-8d12-42e6-985d-82190eb650ec,3857b311-0df8-462f-a042-6a560f3528eb}"
8262fdf9-c18c-4e9e-8704-6c9b81b7c1a2,t,2024-08-08 01:50:53.152+00,2024-08-08 01:53:33.321+00,5afe4986946cb76c1db4b640b2,25adafb2-cf46-4ca2-addb-45e92acd1490,"{be766134-111b-4a83-afdd-d6c54596d486,caa12af6-8d12-42e6-985d-82190eb650ec,3857b311-0df8-462f-a042-6a560f3528eb}"
7caa909f-59fc-4701-b59c-4f57f3991837,t,2024-08-08 01:51:06.533+00,2024-08-08 01:53:41.222+00,da02f5322d8636bf88ae2cf5b2,b33e7471-def7-4b03-9ecd-849bd6c5f539,"{be766134-111b-4a83-afdd-d6c54596d486,880369a6-6b14-4a6b-b3cb-4aaabc33369a,3857b311-0df8-462f-a042-6a560f3528eb}"
b1ee7e30-dce9-497f-b2e4-139948bcc720,t,2024-08-08 01:52:49.852+00,2024-08-08 01:54:24.439+00,837340700b78b4b7ebff3fbae5,feaa9fc3-84ba-4502-8c4f-9e89548ca399,"{57e069f8-7059-4d2f-83d6-3f16f7aa0938,880369a6-6b14-4a6b-b3cb-4aaabc33369a,3857b311-0df8-462f-a042-6a560f3528eb}"
02b50ea1-e0c6-49fa-95d7-ef014cbdd7ac,t,2024-08-08 01:53:17.133+00,2024-08-08 01:55:09.5+00,238767cce63b9b165290554248,c60326dc-26eb-4b2e-bf31-5b4eddc58ae8,"{be766134-111b-4a83-afdd-d6c54596d486,880369a6-6b14-4a6b-b3cb-4aaabc33369a,3857b311-0df8-462f-a042-6a560f3528eb}"
5a575516-48e4-4234-b80b-f263c7ed6ea0,t,2024-08-08 01:55:26.024+00,2024-08-08 01:57:27.99+00,ec1c49535cd6f9360f5eb7e6c1,b70c0584-91b9-4c18-95da-393949e9940f,"{be766134-111b-4a83-afdd-d6c54596d486,caa12af6-8d12-42e6-985d-82190eb650ec,3857b311-0df8-462f-a042-6a560f3528eb}"
7629d7bf-ff4f-493f-94f6-8526099ebb72,t,2024-08-08 01:58:29.617+00,2024-08-08 01:59:38.908+00,93c7c636066e60952699db49a7,3a58d4df-aa1d-4e9b-a568-a385076c7a12,"{57e069f8-7059-4d2f-83d6-3f16f7aa0938,880369a6-6b14-4a6b-b3cb-4aaabc33369a}"
c6301b99-fdfa-4fdf-928e-2ead8c035cdd,t,2024-08-08 02:03:38.331+00,2024-08-08 02:04:35.942+00,e9e0a47d9e9fb076fa376806ab,a4d2aaf2-933a-407b-ba80-9a69f2974cc8,"{be766134-111b-4a83-afdd-d6c54596d486,caa12af6-8d12-42e6-985d-82190eb650ec,f5fb2002-9ed8-4520-99ef-46df7e453375}"
40508a65-0c98-4bc4-a555-4fc50511a362,t,2024-08-08 01:51:08.656+00,2024-08-08 02:04:52.861+00,70762edd9eff6b2b486d1fac24,25cfbf8b-8b14-4330-ac15-84bb20b26fd3,"{be766134-111b-4a83-afdd-d6c54596d486,caa12af6-8d12-42e6-985d-82190eb650ec,3857b311-0df8-462f-a042-6a560f3528eb}"
7754b16d-6cff-4497-b9fd-a66750ee9fe4,f,2024-08-08 02:08:55.38+00,2024-08-08 02:08:55.38+00,e85ef037d612b03784c7551f01,b717ae66-ddda-43a6-98f9-42f0ed4fd860,"{57e069f8-7059-4d2f-83d6-3f16f7aa0938,caa12af6-8d12-42e6-985d-82190eb650ec,3857b311-0df8-462f-a042-6a560f3528eb}"
f46b93fd-54af-431e-b597-e3c4ac8386e2,t,2024-08-08 02:05:56.372+00,2024-08-08 02:09:05.592+00,fb3612e26fcf8af0279654804c,a4ae67f1-34e5-482f-9190-281a0ecf3ac4,"{57e069f8-7059-4d2f-83d6-3f16f7aa0938,880369a6-6b14-4a6b-b3cb-4aaabc33369a}"
1d266329-3126-4bdf-a7d1-727bb09a3074,t,2024-08-08 02:07:54.82+00,2024-08-08 02:10:06.036+00,c88f6cad0e8d1cbe97246d6278,7655129d-1494-4c57-a254-fad0936cf5f9,"{57e069f8-7059-4d2f-83d6-3f16f7aa0938,880369a6-6b14-4a6b-b3cb-4aaabc33369a,f5fb2002-9ed8-4520-99ef-46df7e453375}"
92157d3d-ac83-4abf-9302-f0cfde5e6a6c,f,2024-08-08 02:11:16.067+00,2024-08-08 02:11:16.067+00,92f5fcc445b86dd6ca025670f8,b717ae66-ddda-43a6-98f9-42f0ed4fd860,"{57e069f8-7059-4d2f-83d6-3f16f7aa0938,880369a6-6b14-4a6b-b3cb-4aaabc33369a,f5fb2002-9ed8-4520-99ef-46df7e453375}"
5070e3ce-6d67-460b-aee0-a7ab520aae15,t,2024-08-08 02:10:12.959+00,2024-08-08 02:12:47.786+00,95e73ab6243eb6750d3404d57a,834e6fa6-fd28-408a-bfb7-f18cd4dae8ad,"{be766134-111b-4a83-afdd-d6c54596d486,880369a6-6b14-4a6b-b3cb-4aaabc33369a}"
5f17c3a8-7560-4cb5-831c-dfc695735fa7,t,2024-08-08 02:12:05.076+00,2024-08-08 02:14:00.339+00,17556e875fcfa10ca1c7300732,e5a30cce-46b6-4e4c-bba8-b77cb38ba28c,"{57e069f8-7059-4d2f-83d6-3f16f7aa0938,caa12af6-8d12-42e6-985d-82190eb650ec,f5fb2002-9ed8-4520-99ef-46df7e453375}"
5c755935-af6c-4461-8710-90dd982759b3,t,2024-08-08 02:14:09.984+00,2024-08-08 02:15:39.698+00,93d0fe013e6ae94e2a2bef842f,b717ae66-ddda-43a6-98f9-42f0ed4fd860,"{57e069f8-7059-4d2f-83d6-3f16f7aa0938,caa12af6-8d12-42e6-985d-82190eb650ec,f5fb2002-9ed8-4520-99ef-46df7e453375}"
e19e2ff4-62c0-484d-a163-d1cbcc407188,t,2024-08-08 02:15:06.512+00,2024-08-08 02:17:24.118+00,e5302fa8a6a630e412a07db51a,296fd24f-3e4f-466f-8be5-bc4409fe8a05,"{be766134-111b-4a83-afdd-d6c54596d486,880369a6-6b14-4a6b-b3cb-4aaabc33369a,f5fb2002-9ed8-4520-99ef-46df7e453375}"
7f5a1d97-67dc-48a7-99d9-6fdfa945d7d4,f,2024-08-08 02:20:51.94+00,2024-08-08 02:20:51.94+00,60d6841650dd33e30933d7ba16,88f3e4d5-68d2-472e-a5a8-a432c2c977de,"{be766134-111b-4a83-afdd-d6c54596d486,caa12af6-8d12-42e6-985d-82190eb650ec}"
f45c5d44-78e7-4cca-8955-e64d6b4b6ebf,t,2024-08-08 02:26:13.187+00,2024-08-08 02:27:42.633+00,74730cf2f79d4762ac1f6b601d,4bf537a9-a9b7-43e3-8784-aeaf762b7cff,"{57e069f8-7059-4d2f-83d6-3f16f7aa0938,880369a6-6b14-4a6b-b3cb-4aaabc33369a,f5fb2002-9ed8-4520-99ef-46df7e453375}"
6fde0a67-29d8-4f96-9435-8c65e0d49959,t,2024-08-08 02:28:36.38+00,2024-08-08 02:30:01.333+00,48c38ac9ac2662f4b6e9f378e9,a2c115ff-762d-40fe-ada9-c43d56f12bb2,"{57e069f8-7059-4d2f-83d6-3f16f7aa0938,880369a6-6b14-4a6b-b3cb-4aaabc33369a,f5fb2002-9ed8-4520-99ef-46df7e453375}"
bee3d804-bfc0-4d73-b382-a0c103f277cf,t,2024-08-08 03:00:09.112+00,2024-08-08 03:02:11.35+00,1abdf53fd454da905dc4849501,01764618-7518-4d35-9089-8a07fe8baa57,"{be766134-111b-4a83-afdd-d6c54596d486,caa12af6-8d12-42e6-985d-82190eb650ec,3857b311-0df8-462f-a042-6a560f3528eb}"
89a5a559-7e38-4efb-9aa7-497328505666,t,2024-08-08 02:46:08.289+00,2024-08-08 03:06:13.001+00,aa2428b3fc6a12fd80d58878e2,013e6eda-9ba5-451b-ab29-37ac0ad829c9,"{57e069f8-7059-4d2f-83d6-3f16f7aa0938,caa12af6-8d12-42e6-985d-82190eb650ec,3857b311-0df8-462f-a042-6a560f3528eb}"
61834bac-7a4c-4c8b-9a72-511266360b42,t,2024-08-08 03:04:21.759+00,2024-08-08 03:09:05.64+00,822d8ad2060236290fbb4da3e9,7fd3ecc6-7e92-4db9-b1e5-7324798affaa,"{be766134-111b-4a83-afdd-d6c54596d486,880369a6-6b14-4a6b-b3cb-4aaabc33369a}"
d1783b1e-dbe2-4a9c-afd0-74b655ffd22a,t,2024-08-08 03:50:32.085+00,2024-08-08 03:59:18.04+00,61e3e4c1f1b1aea044581a3add,f9b2720e-b76d-4c11-af33-4a47973e87a2,"{be766134-111b-4a83-afdd-d6c54596d486,880369a6-6b14-4a6b-b3cb-4aaabc33369a,f5fb2002-9ed8-4520-99ef-46df7e453375}"
d6ef3363-1252-44ec-a2bd-73666cbc0e80,t,2024-08-08 10:08:00.326+00,2024-08-08 10:09:43.72+00,e4e9d631faa7817b6b673584ba,14f1f868-afa2-4a04-b423-3d37db2c50b7,"{57e069f8-7059-4d2f-83d6-3f16f7aa0938,880369a6-6b14-4a6b-b3cb-4aaabc33369a}"
f884b613-6d61-4839-a715-24db61643817,t,2024-08-08 10:07:37.213+00,2024-08-08 10:14:49.304+00,f8c7cb9b9818efd26b1177eee8,b0ac0f30-e42c-42fd-8322-8f846fda65e4,"{be766134-111b-4a83-afdd-d6c54596d486,880369a6-6b14-4a6b-b3cb-4aaabc33369a,3857b311-0df8-462f-a042-6a560f3528eb}"
d0be1a9b-49a1-4575-a1c8-373d991105a5,t,2024-08-08 12:08:40.586+00,2024-08-08 12:17:29.41+00,1c374fa39281442f5251f68042,a66b6908-19e6-4f06-bfa5-c33411ae6023,"{be766134-111b-4a83-afdd-d6c54596d486,880369a6-6b14-4a6b-b3cb-4aaabc33369a}"
91c5a2c5-81bc-4e5a-b703-11fb1761b911,t,2024-08-08 12:29:10.191+00,2024-08-08 12:33:03.743+00,2db5d6b672c9c4763443728e01,fa10e9bc-4036-4093-b8e8-bd06e720db08,"{be766134-111b-4a83-afdd-d6c54596d486,880369a6-6b14-4a6b-b3cb-4aaabc33369a,3857b311-0df8-462f-a042-6a560f3528eb}"
7cc6d0f1-6217-46d5-b96c-76edda7f746a,t,2024-08-08 13:15:11.856+00,2024-08-08 13:17:55.122+00,73988acb2eca1712c1bc0c7f22,bdfabab5-d1f5-4146-a2c8-0f4a242ef5ab,"{57e069f8-7059-4d2f-83d6-3f16f7aa0938,880369a6-6b14-4a6b-b3cb-4aaabc33369a,3857b311-0df8-462f-a042-6a560f3528eb}"
68c91ee1-3769-4a7d-96b7-f5755d8d6c86,t,2024-08-08 13:24:01.166+00,2024-08-08 13:26:24.914+00,9c5791f11906af74d3a8ca8409,83c30862-0c8b-4f23-b73a-19ba10af85ce,"{57e069f8-7059-4d2f-83d6-3f16f7aa0938,880369a6-6b14-4a6b-b3cb-4aaabc33369a,f5fb2002-9ed8-4520-99ef-46df7e453375}"
0a6d49ab-4a83-4db7-b1aa-9872c10ff24f,t,2024-08-08 15:55:49.608+00,2024-08-08 15:58:37.044+00,03ca3160d6e34f18c5108bd2c4,11c7967d-1c72-4778-b31f-1c9716f0f33c,"{57e069f8-7059-4d2f-83d6-3f16f7aa0938,880369a6-6b14-4a6b-b3cb-4aaabc33369a,3857b311-0df8-462f-a042-6a560f3528eb}"
af945bd5-9e6c-4eee-a89c-fd4febe13dbe,f,2024-08-08 17:59:21.845+00,2024-08-08 17:59:21.845+00,195c978df0247751c94e07cf5a,1777ecb9-e435-4147-aad4-4ec3a34e1b02,"{be766134-111b-4a83-afdd-d6c54596d486,caa12af6-8d12-42e6-985d-82190eb650ec,3857b311-0df8-462f-a042-6a560f3528eb}"
70dd5a0e-dee8-4e23-8924-9a10473a2b97,t,2024-08-08 22:34:43.287+00,2024-08-08 22:50:44.117+00,be9cddb9457fd072b82719fa43,3f671777-34e7-41cd-b661-e489ede7f787,"{be766134-111b-4a83-afdd-d6c54596d486,caa12af6-8d12-42e6-985d-82190eb650ec,3857b311-0df8-462f-a042-6a560f3528eb}"
f72f3340-e37d-433f-a4d7-9612abe805e1,t,2024-08-08 22:43:06.755+00,2024-08-08 22:53:11.271+00,bbce95baf84de6b943628bd422,4e472142-8694-48d1-b051-ccc9a45a32a6,"{57e069f8-7059-4d2f-83d6-3f16f7aa0938,880369a6-6b14-4a6b-b3cb-4aaabc33369a}"
b40a8442-07b6-4650-832d-78bd1855e1ac,t,2024-08-09 00:11:34.441+00,2024-08-09 00:13:02.369+00,e384a50d5203380064e9801be1,80564b76-1d79-4f01-a250-2f5d8caa370a,"{be766134-111b-4a83-afdd-d6c54596d486,880369a6-6b14-4a6b-b3cb-4aaabc33369a,3857b311-0df8-462f-a042-6a560f3528eb}"
7ea8be4d-fdd9-4dca-8dd1-209a166210ce,t,2024-08-09 01:21:50.432+00,2024-08-09 01:25:23.563+00,b15aea2f2dd64f1fa8f41db29c,f6b2dc33-19aa-47e4-a029-62cb72241ef7,"{be766134-111b-4a83-afdd-d6c54596d486,880369a6-6b14-4a6b-b3cb-4aaabc33369a,f5fb2002-9ed8-4520-99ef-46df7e453375}"
4a69f200-3120-4a2d-a289-acd6dc0baf4d,t,2024-08-08 19:12:13.933+00,2024-08-11 17:44:50.275+00,1db58e39f5f3f2ad916eb9b9bb,e7f9e1e5-44d9-41c2-9930-ea492c0c41a2,"{57e069f8-7059-4d2f-83d6-3f16f7aa0938,caa12af6-8d12-42e6-985d-82190eb650ec}"
1e810f66-56a7-438f-9c91-ee75d1580f3e,t,2024-08-09 03:08:36.776+00,2024-08-09 03:10:21.025+00,b7d607fca3ba9c96fa68d971f7,68d634db-11f4-4e93-91fa-dd9f5d7bfd05,"{be766134-111b-4a83-afdd-d6c54596d486,880369a6-6b14-4a6b-b3cb-4aaabc33369a,3857b311-0df8-462f-a042-6a560f3528eb}"
ac34386d-9fff-4cad-9302-a1089cd30788,t,2024-08-09 03:07:33.954+00,2024-08-09 03:10:37.686+00,7bb5f80f29ec97692c350c3f35,f902c07f-a408-4714-a894-9131681ef713,"{57e069f8-7059-4d2f-83d6-3f16f7aa0938,880369a6-6b14-4a6b-b3cb-4aaabc33369a,f5fb2002-9ed8-4520-99ef-46df7e453375}"
859f8c70-ae0d-4e1b-a19e-774abcc33ed4,t,2024-08-09 15:59:00.747+00,2024-08-09 16:02:37.279+00,c52034030ed960d1d4563bce9b,112d7de6-326b-48d9-9fa5-9cc6521cb83e,"{57e069f8-7059-4d2f-83d6-3f16f7aa0938,caa12af6-8d12-42e6-985d-82190eb650ec,3857b311-0df8-462f-a042-6a560f3528eb}"
77f40e83-8b6f-4330-8068-b838b35b8920,t,2024-08-09 18:36:07.229+00,2024-08-09 18:42:11.833+00,2082085272490cd0f8394b0e94,a2a71103-c12a-41fe-9066-b8f16e1aaf81,"{57e069f8-7059-4d2f-83d6-3f16f7aa0938,880369a6-6b14-4a6b-b3cb-4aaabc33369a,f5fb2002-9ed8-4520-99ef-46df7e453375}"
555f3901-79c3-4d8d-a83f-d39ab231bb3e,t,2024-08-09 18:39:27.446+00,2024-08-09 18:43:41.785+00,667be2b4a1a7c854c25ec4d405,12565560-7a06-4eb5-98e5-816413524c52,"{57e069f8-7059-4d2f-83d6-3f16f7aa0938,880369a6-6b14-4a6b-b3cb-4aaabc33369a,f5fb2002-9ed8-4520-99ef-46df7e453375}"
be512ef1-f6e1-4e99-a806-cb5cd3af8c5c,t,2024-08-10 19:54:04.851+00,2024-08-10 19:54:58.804+00,faf911d79910743f05b9e1eb0b,87ce2833-6cfd-4af7-828a-a02e08dbb91f,"{57e069f8-7059-4d2f-83d6-3f16f7aa0938,880369a6-6b14-4a6b-b3cb-4aaabc33369a,f5fb2002-9ed8-4520-99ef-46df7e453375}"
455f8aa4-2b5d-464d-9fc3-371e84504e16,t,2024-08-10 19:57:13.247+00,2024-08-10 19:58:57.699+00,696dfd3822cd6b89a5dbe324cd,6d4a4f09-3555-4f57-a923-55acfed5822b,"{57e069f8-7059-4d2f-83d6-3f16f7aa0938,880369a6-6b14-4a6b-b3cb-4aaabc33369a,f5fb2002-9ed8-4520-99ef-46df7e453375}"
fed09175-753f-4254-a4c1-69fede086f8e,t,2024-08-10 22:50:27.036+00,2024-08-10 22:52:14.717+00,19585ed14c282aa9779fbe1499,eab23aaf-fe66-4aae-99bb-cdf554b6bf2b,"{be766134-111b-4a83-afdd-d6c54596d486,880369a6-6b14-4a6b-b3cb-4aaabc33369a,f5fb2002-9ed8-4520-99ef-46df7e453375}"
ae3c969e-2d24-4554-8823-82d5ebfeb609,t,2024-08-10 22:51:57.299+00,2024-08-10 22:53:15.056+00,fa7c2decb75a2748858604eef2,43a9403f-3ab2-49e8-9cb9-e06ae50d6699,"{be766134-111b-4a83-afdd-d6c54596d486,880369a6-6b14-4a6b-b3cb-4aaabc33369a,f5fb2002-9ed8-4520-99ef-46df7e453375}"
b203ed4d-ffa6-4b1a-ade7-b657b3eddc81,t,2024-08-11 01:47:54.874+00,2024-08-11 01:53:18.5+00,0d69c6a4f4059c1b6f03740ab9,25519262-55eb-41ef-be7c-225ac2391f16,"{be766134-111b-4a83-afdd-d6c54596d486,caa12af6-8d12-42e6-985d-82190eb650ec,3857b311-0df8-462f-a042-6a560f3528eb}"
ea295ad2-52b7-4ff2-b2bd-56ff0b8829ac,t,2024-08-11 18:48:56.067+00,2024-08-11 18:51:50.003+00,bd3fe7911daf7e266a28277384,c0b1c5e0-7850-4212-be19-9741e272b816,"{be766134-111b-4a83-afdd-d6c54596d486,880369a6-6b14-4a6b-b3cb-4aaabc33369a}"
7e4306fc-4540-4a35-9d52-f72a152ff514,t,2024-08-11 22:52:17.135+00,2024-08-11 22:56:45.51+00,6cb409fe931805ce68e8e057f0,c5b8b950-b561-4c8d-9019-59054bc3c0c2,"{57e069f8-7059-4d2f-83d6-3f16f7aa0938,caa12af6-8d12-42e6-985d-82190eb650ec}"
61c038d8-8a47-4a1e-9bf4-9f3908dcabfd,t,2024-08-09 22:01:42.152+00,2024-08-11 23:23:39.462+00,5fb06a3527194b8975e9bee297,7540a015-6281-4ee3-b842-75671f6c25f9,"{be766134-111b-4a83-afdd-d6c54596d486,880369a6-6b14-4a6b-b3cb-4aaabc33369a}"
5ba51432-3ad0-4101-af39-085016bc05b3,t,2024-08-12 15:59:45.438+00,2024-08-12 16:01:53.207+00,ed28559e7778c90724d7b61471,e9b426ff-5879-451d-95f4-c354e5bfcda1,"{be766134-111b-4a83-afdd-d6c54596d486,caa12af6-8d12-42e6-985d-82190eb650ec,f5fb2002-9ed8-4520-99ef-46df7e453375}"
3578134d-4b72-481f-8901-805be2924eb9,f,2024-08-12 23:07:05.061+00,2024-08-12 23:07:05.061+00,543348849503edf390de7c4b32,8b45c0b8-8a78-4a66-a886-d7d14819cc08,"{be766134-111b-4a83-afdd-d6c54596d486,caa12af6-8d12-42e6-985d-82190eb650ec,f5fb2002-9ed8-4520-99ef-46df7e453375}"
ee89ebaa-c863-4fd8-8a8d-dda5a15392c1,t,2024-08-13 00:09:28.61+00,2024-08-13 00:10:16.633+00,cf3522014e7761bc808e6b8915,cc67d8a9-eed4-416c-8b6d-58d88732d264,"{57e069f8-7059-4d2f-83d6-3f16f7aa0938,caa12af6-8d12-42e6-985d-82190eb650ec,3857b311-0df8-462f-a042-6a560f3528eb}"
04063be2-44e6-445b-bedf-acb023242580,t,2024-08-13 00:08:23.122+00,2024-08-13 00:10:20.848+00,ee404320b1e82300dee8fa126f,ed5d820c-1e3f-44ef-b430-62edcf7badde,"{57e069f8-7059-4d2f-83d6-3f16f7aa0938,caa12af6-8d12-42e6-985d-82190eb650ec,3857b311-0df8-462f-a042-6a560f3528eb}"
fbe87f6a-aa8d-4dcb-bd57-091a670b2288,t,2024-08-13 00:43:27.115+00,2024-08-13 00:52:35.28+00,868d8401c58c8b9e27cc9b88cd,89875ee2-9679-4721-a7df-a4c3f628cf55,"{be766134-111b-4a83-afdd-d6c54596d486,880369a6-6b14-4a6b-b3cb-4aaabc33369a,3857b311-0df8-462f-a042-6a560f3528eb}"
62db3723-a69a-4bae-a7d5-d4ddd216e28a,f,2024-08-13 23:55:51.725+00,2024-08-13 23:55:51.725+00,173d18c29c25c64de9c2dcce34,63258c72-ec20-41f7-b398-5ed1b2b2ae3c,"{57e069f8-7059-4d2f-83d6-3f16f7aa0938,880369a6-6b14-4a6b-b3cb-4aaabc33369a}"
4ceb2aaf-bd45-4f3e-9202-38d940708fe3,t,2024-08-13 23:56:23.759+00,2024-08-13 23:58:39.388+00,37446e85111f7af75bf03d8662,63258c72-ec20-41f7-b398-5ed1b2b2ae3c,{d7bbc939-aa73-4767-8941-1e76151b3451}
b96933e9-6e51-472b-a3ca-1d7af8451e96,t,2024-08-14 21:36:17.295+00,2024-08-14 21:38:19.13+00,8e8e8b1b156f69ac67cd933b1d,b022f245-bdbd-40e8-b2f4-7cf78df3c5a9,"{be766134-111b-4a83-afdd-d6c54596d486,caa12af6-8d12-42e6-985d-82190eb650ec,3857b311-0df8-462f-a042-6a560f3528eb}"
47589f20-f5b5-4c36-a58b-f67b655f444f,t,2024-08-16 17:49:39.208+00,2024-08-16 17:51:20.191+00,7e6acac4476099e8547d6c1ece,3fd18e12-3cd9-405d-a0d7-ea2411a64b15,"{be766134-111b-4a83-afdd-d6c54596d486,880369a6-6b14-4a6b-b3cb-4aaabc33369a,f5fb2002-9ed8-4520-99ef-46df7e453375}"
ded9eed4-678e-44eb-9ac6-2b593fb4b40b,f,2024-08-17 01:52:59.977+00,2024-08-17 01:52:59.977+00,ddf441b7219807f28777e220c4,6debd644-8edc-4973-ae07-977702db8eae,"{be766134-111b-4a83-afdd-d6c54596d486,caa12af6-8d12-42e6-985d-82190eb650ec,3857b311-0df8-462f-a042-6a560f3528eb}"
cd893052-857f-4dcc-b3f6-d03e4fef32f7,t,2024-08-17 02:19:08.649+00,2024-08-17 02:21:13.179+00,1cddfea8ecb7192a2b81518dd0,18d89178-232e-4d6b-af99-af16fbb97654,"{be766134-111b-4a83-afdd-d6c54596d486,caa12af6-8d12-42e6-985d-82190eb650ec}"
2c20aa1d-0bd6-4fbe-a82f-250810d4fbbc,t,2024-08-17 02:19:46.165+00,2024-08-17 02:21:32.892+00,45f776c417958cf238e40f92e2,96e96a40-5318-4c8e-a5b0-3dbbcbf745f3,"{be766134-111b-4a83-afdd-d6c54596d486,caa12af6-8d12-42e6-985d-82190eb650ec}"
6dd7f9b7-f3ae-4b57-9338-100f411e4f49,t,2024-08-10 16:45:14.853+00,2024-08-18 03:07:05.948+00,a4b8cbb33dd6fb12501f8fc0a3,8c2097f2-854a-4530-9ddd-2bac67842ea6,"{57e069f8-7059-4d2f-83d6-3f16f7aa0938,880369a6-6b14-4a6b-b3cb-4aaabc33369a,f5fb2002-9ed8-4520-99ef-46df7e453375}"
54b66c24-2abc-4b27-a31b-0811ec5b9ffb,f,2024-08-18 17:43:10.716+00,2024-08-18 17:43:10.716+00,ca4691c2a86a209f9c6e47cd73,8a45072a-4b40-48c4-b3d8-9d6b6f1663be,"{be766134-111b-4a83-afdd-d6c54596d486,880369a6-6b14-4a6b-b3cb-4aaabc33369a}"
a79bbf49-8ee8-4cc5-8df0-c43bd6c23bfc,t,2024-08-19 01:43:12.032+00,2024-08-19 01:44:36.205+00,a9eb7b7aafa0ea25e4eed23741,6deaed52-af63-4f52-a03f-8f20b2c9925d,"{be766134-111b-4a83-afdd-d6c54596d486,caa12af6-8d12-42e6-985d-82190eb650ec}"
f034c505-b688-45a8-ac66-614920e3b142,t,2024-08-19 01:48:10.725+00,2024-08-19 01:49:35.619+00,03a38e1ec9b00154656832835f,8add21dd-4441-4fe5-bd92-63e89696a9b3,"{be766134-111b-4a83-afdd-d6c54596d486,880369a6-6b14-4a6b-b3cb-4aaabc33369a,f5fb2002-9ed8-4520-99ef-46df7e453375}"
e5fca311-0ed3-4c60-a27a-ba308011ee38,t,2024-08-19 02:58:43.227+00,2024-08-19 03:01:02.329+00,a21346dd0a1b92a38ba343ca32,d7e51a4b-98d0-4660-82c3-4b10748ffe8a,"{be766134-111b-4a83-afdd-d6c54596d486,caa12af6-8d12-42e6-985d-82190eb650ec,3857b311-0df8-462f-a042-6a560f3528eb}"
7e8f94e8-5eb4-48c2-aa29-e27fb432cd07,t,2024-08-19 03:32:34.679+00,2024-08-19 03:35:06.5+00,4eb340db007bcd8e36968f70ad,5ce26133-ba9e-4f4c-9e85-6d92ed2b998b,"{be766134-111b-4a83-afdd-d6c54596d486,caa12af6-8d12-42e6-985d-82190eb650ec,3857b311-0df8-462f-a042-6a560f3528eb}"
670e4c8d-f390-4da5-8fcb-64244dd0b558,t,2024-08-19 03:33:41.269+00,2024-08-19 03:36:38.787+00,a38883cd78d06c2bab4e9ebd8b,6debd644-8edc-4973-ae07-977702db8eae,"{be766134-111b-4a83-afdd-d6c54596d486,caa12af6-8d12-42e6-985d-82190eb650ec,f5fb2002-9ed8-4520-99ef-46df7e453375}"
f7c4b09e-ea5d-4163-bcf5-41822ef0b946,t,2024-08-14 15:17:52.564+00,2024-08-19 03:37:09.253+00,f04c054a960c4847b740f635e5,02f7d2a1-734f-4c1f-8161-77202c5c5359,"{be766134-111b-4a83-afdd-d6c54596d486,880369a6-6b14-4a6b-b3cb-4aaabc33369a,f5fb2002-9ed8-4520-99ef-46df7e453375}"
1db45582-ae8a-47d3-8a2a-4ec950cf8765,t,2024-08-19 03:44:55.598+00,2024-08-19 03:46:34.185+00,4b719aef143cb8cb45d42e07fc,99895b0c-0b95-44eb-bbac-8344881905c3,"{be766134-111b-4a83-afdd-d6c54596d486,caa12af6-8d12-42e6-985d-82190eb650ec,3857b311-0df8-462f-a042-6a560f3528eb}"
c64e6839-6271-4af6-9583-2117f3d7c21d,t,2024-08-19 04:32:56.435+00,2024-08-19 04:34:28.863+00,10639d8787e72b2f109d94220f,19314a7f-1064-4067-acb0-447c881809d0,"{be766134-111b-4a83-afdd-d6c54596d486,caa12af6-8d12-42e6-985d-82190eb650ec,3857b311-0df8-462f-a042-6a560f3528eb}"
54552056-8de2-49b8-923d-38d95539fce9,t,2024-08-19 20:38:07.311+00,2024-08-19 20:39:45.473+00,327798ad2cf8e4ba6a2fc31162,d3e232c4-9448-44c1-9308-8a66262eef25,"{be766134-111b-4a83-afdd-d6c54596d486,caa12af6-8d12-42e6-985d-82190eb650ec,3857b311-0df8-462f-a042-6a560f3528eb}"
b3bccb5d-d71e-4c86-98a0-c8b6dc272d5d,t,2024-08-19 20:38:29.037+00,2024-08-19 20:41:17.522+00,b65ca93ca8b5d7f81f111c9ac3,ddaecb18-d95b-44a5-beb2-34adaa179035,"{be766134-111b-4a83-afdd-d6c54596d486,880369a6-6b14-4a6b-b3cb-4aaabc33369a,f5fb2002-9ed8-4520-99ef-46df7e453375}"
